,salary_in_usd
2485,100000
2985,89306
417,237000
2324,138750
1418,134000
3031,141300
2256,100000
2404,179305
3241,36940
694,73900
582,120000
773,252000
1861,150000
24,143200
786,159832
1186,140000
170,120000
3148,112900
1482,109000
930,175000
2784,150000
1073,147100
2799,80000
597,85000
2513,100000
3097,60938
2598,153600
50,275300
1444,66970
2464,198440
2261,165000
3450,153000
1123,200000
2700,135000
2920,63000
759,193000
1223,60000
27,200000
1178,129300
315,155000
2533,122500
2041,50000
852,185900
1815,134500
6,136000
336,93918
1824,153600
3636,93150
3573,112872
73,201450
120,143860
2947,119300
572,80000
3352,130000
1877,65000
940,150000
1304,192500
136,70000
2590,155000
3518,85000
2344,185900
3274,130000
1249,253750
1432,150000
2736,135000
1519,110000
249,88256
1736,120000
1152,160000
2455,180000
1052,169000
171,145000
3224,51064
2724,68400
3205,73546
3494,9466
3680,46597
52,218500
896,116990
1094,210000
2966,95386
982,112000
1040,72200
353,80000
2244,105200
3745,168000
1160,120000
1372,150000
1202,182200
484,210000
850,175000
3071,55000
43,110680
3098,249260
2790,195400
2187,206000
2679,156868
314,210000
2036,146000
1282,225900
2425,210000
1459,119000
470,75000
1918,31795
3652,147000
200,200000
1227,252000
747,150000
3394,170000
2738,110000
1458,300000
1690,160000
2877,135000
2711,116100
2988,135000
432,100000
3457,69999
3236,136000
1632,203500
2102,95000
2951,146200
1936,145000
3740,190200
1056,230000
2849,57786
2586,185900
2983,144100
792,129000
1714,275000
3386,100000
113,220000
2863,250000
1644,200000
3025,88100
1047,90000
1656,72000
2043,95000
1099,300240
3076,206699
1388,265000
3371,126000
2645,37824
2622,185900
2442,136000
1154,239000
719,94192
2841,136994
799,188500
1167,247500
3267,99360
1143,180000
926,160000
80,65062
3747,423000
2127,70000
1309,175000
1127,240000
1896,67723
2563,205600
2172,105236
70,115000
150,160000
1898,70000
2271,153600
2982,216200
1848,175000
1807,75000
3537,5409
2568,54000
2326,138750
1466,168400
2761,141525
3280,167000
1437,175000
907,140000
2200,42026
3015,86193
463,170000
3143,83000
1751,250000
2163,130000
2794,195400
3029,141300
442,136000
1602,94000
1744,160000
1392,153600
1266,115000
1603,77262
1954,115934
2896,191475
673,206000
2753,141525
1158,139500
794,245100
2825,129300
1417,183000
3502,200000
2339,37824
3752,105000
1703,165000
1820,135000
2508,123000
1599,182000
512,115000
782,130000
1441,103200
869,75000
1240,124000
3,175000
570,105500
3483,155499
2999,126000
2032,16904
2714,145000
1568,135000
526,200000
2660,180000
1409,112000
3691,98000
2351,100000
3398,135000
1325,66837
1004,110000
2295,68293
1794,291500
2363,156400
1007,310000
3144,92350
3104,93700
2827,182160
1645,170000
3285,138600
1067,185000
153,100000
2056,115934
111,203000
3292,160000
1326,63192
520,183000
1661,105000
1151,200000
2263,148000
3228,160000
939,156400
612,58000
1415,160000
2980,200000
75,210000
2473,187200
971,34320
839,153400
3220,63040
1428,239000
2154,175000
527,135000
2276,95000
1201,209300
2981,150000
2618,150000
1032,72946
2913,80000
1252,120000
2228,185900
2112,110446
1403,100000
3523,46759
1991,136000
2226,180000
1559,245100
2265,150000
2483,119000
2415,109000
126,129300
1241,115934
1932,310000
1426,184000
3688,88654
478,353200
1939,78000
2019,120000
741,139500
412,155000
1821,125000
2268,135000
2984,115573
2156,130000
1850,40000
1539,170000
309,75000
665,115934
966,150000
3085,63000
1844,127500
3710,21669
3165,92350
3612,200000
1588,113000
3200,84053
1672,120000
2302,169000
392,60000
942,163800
718,141288
955,140000
3060,12171
2587,129300
2204,130000
1301,90000
2878,115000
2467,100000
822,210550
3049,115000
1242,81666
110,133800
3234,58000
2391,145000
745,210914
2876,140250
1802,166000
3376,210000
9,147100
2249,47280
2134,154600
3263,150000
911,78000
1072,85500
1170,156400
1957,140000
2582,185900
740,150000
546,143860
578,143000
3647,135000
1983,102640
1574,145000
2956,185800
3180,164996
2531,70000
2005,246000
2757,141525
366,75000
272,260000
2584,225000
2246,49253
2132,100000
3100,170000
2865,191475
3137,131300
810,104500
932,127599
2439,78000
2203,191200
648,106020
1836,175000
1246,63000
422,70000
2834,15000
3681,8000
492,21461
1163,109371
3568,150000
592,73546
2296,177000
3603,80000
3368,67000
1669,140000
1835,100000
259,160000
663,275000
260,175000
2885,191475
2169,70186
1993,150000
1924,200000
342,257000
2609,88100
2620,139000
523,167500
2170,105000
3084,250000
3177,170000
1347,180000
1394,137500
3540,47282
2944,250000
1323,128000
2306,135000
2180,140250
2257,104663
3030,102100
398,90000
2422,45600
3685,5707
2816,180000
1022,107309
562,85000
3539,54238
1897,105000
2636,148500
3068,175100
2949,105000
453,72914
2234,27317
1629,87000
655,260000
181,66837
2592,85000
355,129300
1776,174500
1125,190000
3128,153000
797,167500
1361,126000
160,115000
1919,44365
3147,148800
3719,152000
860,310000
1907,175000
2350,150000
1035,127467
3467,80000
2358,17684
594,130000
1531,252000
3122,119300
364,110000
1063,171600
1206,48609
1028,139500
3654,174000
1027,109400
2369,80036
2845,134000
2109,99000
3659,40481
1905,130000
2069,130000
813,70000
1251,170000
3527,13400
943,126000
3370,154000
1750,120000
3277,135000
2537,104300
2410,206000
3178,123000
1343,162500
2810,80036
534,129300
1350,135000
326,150450
3587,174000
1789,120000
3498,21013
252,135000
842,175000
714,205000
2992,206000
1978,150000
637,165000
2120,171000
434,120000
2527,52500
788,126000
3373,99000
1339,125686
345,175000
2066,125000
189,140000
2151,60938
215,120000
2371,129300
2514,97000
918,180000
423,146000
3507,62649
3442,83864
2013,50432
3613,109024
2297,131000
1344,185000
3343,213120
3059,150000
793,299500
1942,160000
2993,175100
3218,67723
3345,115000
1570,95000
1775,185000
3590,60757
1239,165000
1342,250000
376,120000
3300,112900
3367,130000
3687,28609
1723,229000
3305,156600
1868,56723
3485,38400
2440,161000
1179,139500
3509,170000
3451,100000
2759,141525
1453,87000
3436,102839
3555,100000
3223,55410
2815,60000
501,225000
769,195652
3469,120402
1117,184700
2434,130000
2037,68293
1730,226700
3416,105000
1333,155850
1813,100000
3635,111775
3750,412000
2942,140000
2914,200000
322,40663
1676,198200
3619,185000
1965,149850
2933,7500
680,75000
3656,21844
3632,72000
2651,161311
2731,210000
2639,95000
2481,76000
1287,188800
2762,200000
2989,85000
2333,204500
3711,110000
3079,54000
756,130000
733,180180
349,130760
224,145000
3197,36940
2014,39925
924,154000
97,217000
2438,85000
2574,185900
2704,140000
350,221000
1681,110000
2289,205000
2558,115000
1770,204500
1652,105200
698,160000
89,185000
1020,140000
3339,75000
2694,165000
1058,153600
593,160000
1413,180180
3582,276000
1737,100000
3288,130000
3350,206699
367,195895
338,175000
2364,169000
808,160000
3126,200000
1423,122000
1278,85066
3620,69741
1371,130000
552,102000
902,201000
3253,120000
1464,220000
173,222200
1563,51508
226,185000
1439,240000
899,129300
3150,240000
1358,225000
2791,131300
3106,100000
3378,210000
1457,107250
2648,105000
1869,120000
2638,115000
3583,188000
1254,65488
2867,97500
920,275300
2561,175950
1412,130000
2264,107000
847,153400
346,203000
154,70000
3189,101570
1806,160000
3369,52000
2253,100000
2518,210000
3577,95746
690,100000
163,309400
2548,48000
701,222200
1546,80000
1470,200000
2008,153000
2840,7799
3625,55000
1509,129300
1506,120000
1257,12000
84,96578
1237,153600
640,126000
1604,38631
3088,80000
633,239748
1636,150000
244,145000
2658,170000
316,115000
1825,106800
675,138000
1114,137500
1945,150000
1362,163800
1628,145000
49,245000
3002,195700
1663,180000
329,159500
1955,81666
2801,160000
1445,63312
3320,176000
2674,191475
3439,78000
2943,29944
1338,59020
372,80000
1598,128000
3713,120000
1564,40777
1077,202000
2458,220000
1886,190000
2065,165000
1973,127000
1695,72000
2749,141525
1633,223800
2048,190000
3420,192037
382,106000
543,208049
1124,150000
882,185900
3468,380000
2196,100000
1302,210914
2642,185000
2546,30000
2175,190000
575,160000
2390,170000
1518,52500
332,140000
3564,103160
2691,85000
1524,80000
727,65000
127,252000
354,185900
1742,199000
3086,130000
2212,120000
2308,80000
3190,128875
348,213660
1878,149000
3041,131300
1471,175000
2353,95000
3081,63000
361,150000
1537,190000
3648,24823
2739,191475
2699,42028
770,101228
25,225000
696,105200
2362,225000
2491,182000
3595,170000
3446,54742
116,120000
3219,43096
3674,85000
1711,67141
1621,122700
1653,95000
2619,120000
538,115092
3237,108800
2217,129300
2060,190000
3383,140000
3516,63831
946,204500
2814,100000
3686,56000
3233,80000
1501,75000
889,97750
2499,142200
3172,175000
3349,81666
1161,259000
642,113900
2337,129300
509,148700
725,183500
327,51753
1279,55000
1543,225000
2786,22892
2026,166700
132,141600
1096,172800
979,150000
2436,120000
1846,51000
1842,100000
3407,120000
517,185000
1504,205600
1608,105500
2617,110600
1108,110000
2792,195400
624,109400
1203,140000
3129,210000
2314,175000
2535,117000
3271,123000
1536,133300
330,145000
702,136000
834,215000
2140,37824
130,140000
2632,200000
2479,159699
3658,51321
495,134000
1931,164000
1422,262500
2237,68293
78,193500
1587,174500
3602,165000
1105,370000
45,221484
1979,210000
763,276000
1330,236000
1761,140000
1837,120000
3327,140400
416,145000
1562,53654
871,109400
1318,140800
1808,236000
518,120250
1229,151902
1555,105700
3566,94564
1851,250000
2105,197430
3505,82744
1777,113000
1049,42533
2575,129300
1864,183600
2090,55000
928,200000
197,200000
746,116704
2243,168400
404,105500
1708,225000
581,190000
1884,246000
815,106800
1121,190000
234,200000
2839,60000
3525,127221
2061,194000
285,160000
2498,204500
1488,275300
1434,152000
553,145000
3556,53192
304,179000
2726,159200
781,170000
660,90000
2137,160000
2850,136000
1048,51039
1083,104000
2516,200000
2121,13000
3326,205300
146,212200
855,106800
64,238000
3690,47899
3627,100000
2054,192000
584,51039
1214,108000
3504,100000
3020,139860
1758,272550
425,64200
1435,209450
3608,63810
2191,115573
2742,85000
2968,82000
974,106000
3569,115000
2194,135000
588,111000
2229,129300
311,105200
1473,138750
3544,82528
1874,216000
225,115000
245,191765
2111,162000
1341,12767
152,143200
3693,56738
3003,130500
239,203500
1557,110000
1875,144000
1699,140000
3009,99450
3115,117000
71,81500
488,317070
3672,195000
281,184000
1176,75116
3229,112300
2971,203500
209,215000
3390,220110
3239,200000
2098,125000
2259,125000
1286,318300
3255,106260
360,48289
618,126000
3695,120000
2652,144200
744,70000
3486,100000
2746,131300
854,153600
862,125000
606,52500
385,157750
1144,160000
2159,124000
2892,84053
1839,115000
3522,450000
1448,240000
1767,105000
2424,110000
299,128000
2875,165000
1992,104000
563,151000
2095,165000
895,75000
3188,136994
179,220000
622,90000
2835,193000
1956,175000
2564,105700
401,179820
2192,73546
2028,124234
3435,20000
393,48289
2870,73546
3609,260000
2402,130000
161,168400
1213,227000
502,175000
2284,130000
806,140000
2184,109000
2521,180000
667,175000
3364,170000
999,180180
2551,150000
921,183000
3286,192400
1368,204500
1345,120250
3497,110037
1122,160000
1749,160000
2423,127000
2448,169000
1963,100000
2912,46000
76,280100
2131,150000
2851,112000
3248,181940
3570,187442
2936,130000
3706,42197
936,85000
408,181000
1579,174500
3151,160000
734,106020
2108,197000
760,136850
941,120000
1883,110000
716,297300
1115,81500
2310,135000
2327,193750
632,129000
1817,130000
31,253200
3594,33511
1469,160000
2830,122500
3561,76833
2640,225000
1044,179975
3455,20000
1790,248100
2693,180000
1951,100000
1238,106800
1996,135000
2579,75050
1173,125000
1171,139500
1491,125600
531,180000
2144,120000
1553,38631
2345,129300
3666,22611
2454,245000
3584,160000
328,250500
1272,153090
1391,100000
519,275300
2779,67723
3422,17805
268,152900
476,223250
525,250000
1021,100000
3061,53416
676,92000
2231,145000
2567,84000
1103,169000
973,75116
1678,198200
1281,100000
2591,38000
2637,98200
776,150000
115,150000
3123,100000
1398,205000
1545,200000
989,200000
418,145000
2222,205000
334,130001
2538,50432
2139,47280
1614,168000
600,129000
906,155000
2732,180000
2813,140000
3664,26005
2115,51716
449,182500
607,201036
2550,130000
2221,140000
1224,50000
1247,253750
2279,310000
2004,150000
3673,37825
3171,81666
1860,146000
1927,73880
1230,9727
931,160000
3027,245000
3549,138000
3488,49646
1803,128000
362,130000
2756,191475
204,205000
1382,252000
2517,160000
2365,110600
1551,134000
2994,189650
1069,168000
580,51039
1258,375000
3161,145000
2882,141525
3723,18907
2001,115934
318,165000
2478,166000
1462,60795
1141,126500
1917,10000
105,179170
3127,180000
2285,136000
1831,130000
3477,150000
3428,157000
3623,150000
2320,116250
3275,110000
638,132300
1841,150000
1575,130000
3530,103000
2076,106800
2291,185900
625,258000
1192,60761
636,102500
1612,136000
3585,105000
2670,300000
1734,130000
1263,235000
3704,165000
2248,160000
435,200000
3738,73000
3356,80000
3734,19609
3559,79833
3417,80000
536,120000
2360,191200
2974,148800
2625,85700
2861,150000
3001,150000
2744,145300
2858,250000
1025,174000
246,134236
3038,189500
1894,115000
2787,144000
569,135000
1366,145000
2705,110000
3574,36259
1107,115447
2462,240000
590,235000
3238,242000
3702,40189
2398,185900
2934,113000
12,100000
370,183600
474,100000
1556,140000
1177,185900
3024,123400
879,129000
2525,100000
1406,150000
413,191765
2089,65000
2130,129300
223,81500
1118,30000
228,329500
1872,135000
1938,100000
3663,87000
2126,110000
506,172200
1164,72914
1510,160000
3252,180000
2280,239000
2129,185900
2100,70000
1590,94000
3731,62726
2655,38154
2107,120000
944,145000
1525,200000
2754,110000
1826,150000
238,115000
1038,124740
2829,100000
508,145000
1529,130000
2594,155000
2644,47280
2210,95000
1149,259000
1042,153600
709,140000
1800,58331
1327,60761
778,126000
2775,84000
558,106800
2626,185000
2466,150000
165,190000
1781,142000
2665,125976
3408,120000
3187,147800
220,140000
2177,100000
279,110000
3754,94665
1172,109400
2416,89306
155,105000
1145,272000
1226,133300
1300,170000
1550,257000
1706,210000
3493,125000
691,147100
2667,160395
841,260000
1994,100000
1451,113000
2745,195400
3650,24342
3329,184700
2918,136100
2138,75000
2348,160000
1243,167580
2376,115934
1101,175000
134,176100
3649,54094
2671,225000
963,150000
1299,133832
2452,160000
1658,167000
3430,65000
2708,250000
1033,54365
3618,72500
2397,134000
3600,91000
3426,17805
2449,110600
2133,230000
3226,82900
3250,220110
748,100000
1106,245000
3496,10354
1903,185900
3254,126500
3070,100000
2443,104000
2541,99000
2687,84053
371,130000
1987,198800
2382,201000
2842,101570
2128,50000
1348,85000
2445,37824
1852,63000
2223,150000
3616,110000
1812,150000
292,199000
2030,100000
261,145000
3667,5679
2188,160000
489,170730
2080,144000
3535,50000
1267,200000
2860,180000
529,216000
1701,137500
1552,77262
2457,100000
2654,83171
324,50000
1517,80000
3051,193900
2545,129300
831,148750
627,145000
2045,100000
1268,115000
1150,146000
216,75000
2507,110000
1732,125000
2494,225000
1378,252000
3157,92350
3630,76833
129,155000
2418,128500
2407,225000
1616,78990
302,175000
1041,64980
3645,71786
3120,13493
1675,297300
2818,108000
3245,120160
114,56536
986,204500
766,48289
617,163800
2607,130000
3424,55685
2915,180000
722,70000
2328,116250
3489,40570
2921,118208
46,212750
68,309400
2526,80000
2446,205000
556,95000
429,208450
2155,150000
3677,56256
2677,36773
2085,192500
532,165000
3142,133766
3163,49268
3463,405000
3641,63831
3415,104890
510,125600
1270,138750
368,102772
391,68000
3110,92000
3309,93700
208,150000
2081,180000
2780,141300
844,123900
92,38631
426,56100
3670,90000
2906,191475
819,125000
2895,141525
1855,272550
2051,81500
3209,31520
604,60093
3337,90320
291,145000
804,100000
205,180000
2366,204500
866,149076
1354,204500
2055,120000
1253,124740
3278,161342
840,122700
1561,151800
2149,20000
174,136000
3526,144000
1946,35610
2597,92350
703,100000
1725,202353
1322,110000
1642,145000
1977,210000
3571,51519
3348,115934
1293,135000
639,190000
1180,109400
574,42923
117,289800
615,125000
996,142200
3515,130026
3014,55410
1260,16414
2888,84053
61,166000
2824,193900
1442,61200
2492,180000
356,238000
1054,175000
2484,130000
3109,160000
22,174000
1674,115000
2879,179400
3558,150000
1153,310000
1166,19522
711,185000
2857,130000
3318,205300
3548,10000
1596,15897
514,150000
414,134236
1853,210000
486,200000
2384,175000
2866,141525
211,247500
1698,175000
1823,155000
2627,50000
608,134024
10,90700
1796,75344
1892,100000
2335,45555
749,146000
1879,119000
3101,130000
560,80481
3700,160000
2214,110600
277,136000
2022,10000
3708,62726
2099,105000
1780,184000
2431,172200
2973,186000
2114,70186
1664,115000
649,376080
599,252000
1944,190000
2682,144000
3385,110925
2195,150000
2728,179775
1080,126000
2733,148000
82,69751
1303,116704
3316,180000
614,115000
3183,115222
451,203100
3195,100800
1721,135000
3013,129300
3541,153667
1756,100000
521,170000
195,170000
2556,230400
1718,175308
32,90700
167,162500
925,116000
3341,192600
513,200000
777,163800
2235,160000
1421,350000
3000,200000
1310,148750
958,260000
791,252000
1630,50000
708,145000
3464,150000
411,180000
726,75000
3052,129300
2034,12000
2405,142127
257,70000
237,145000
1960,249500
2891,86193
341,65000
340,85000
3074,52008
3414,185100
1849,40000
1003,125000
3058,144000
2072,100000
2758,191475
2236,90000
2774,130000
1586,185000
2748,191475
1969,149850
2426,136000
3284,211500
1724,289076
2417,182500
743,105000
2948,145000
38,64500
2460,198440
937,75000
421,80000
2033,200000
3053,180000
2476,127000
1766,120000
460,130000
3005,135000
2566,89200
241,239000
1972,120000
1265,180000
2288,118000
251,65000
1298,241871
26,156400
1747,200000
3707,185000
3152,300000
3377,140000
2657,42026
1527,48000
3330,175100
568,170000
1011,185900
344,222000
383,200000
3133,22800
2255,130000
1617,43809
483,198200
1198,60000
162,105200
1544,156400
3303,132320
1104,100000
3335,130000
3294,150000
674,130000
2258,73880
820,127000
754,165000
3456,30469
980,90000
3073,77119
3317,160000
710,95000
276,260000
1420,150000
1640,106000
313,112000
2649,62000
2751,153000
1620,153400
143,204500
1768,187500
833,85000
1216,160000
1376,226700
1497,74178
1131,299500
2375,135000
2560,48000
894,120000
3131,150075
1485,50000
1057,180000
83,300000
3500,200000
654,121600
287,146115
1384,225000
106,94300
641,149040
2529,81500
3210,92350
3701,50000
3153,200000
2571,73742
3696,20000
2883,191475
2853,140000
1805,110000
2087,152500
1196,114000
1008,239000
2709,63000
1059,106800
2433,184100
2520,260000
1095,192000
428,130000
1727,37558
3391,160080
3604,103691
1754,120000
3078,200000
1332,145900
1005,153400
1419,220000
2063,201000
3622,112000
803,130000
2430,247500
337,51962
573,7000
3221,47280
2519,180000
3094,28368
863,110000
81,150000
818,185000
1571,250000
1407,100000
3174,84053
3146,186000
3211,73880
1565,51508
1567,160000
1740,231250
2254,105066
3655,135000
2610,120000
2096,135000
62,172500
30,72000
3633,65013
559,96578
2807,50000
669,150000
3593,6072
1798,161800
1759,198200
992,129300
1937,135000
3357,60000
2435,90000
20,110000
122,188800
3581,29751
3621,100000
7,219000
1968,249500
3124,25000
767,75116
1634,172100
1795,180000
2007,187000
650,213120
2902,104611
1465,195000
3508,82528
33,342810
2811,67723
23,230000
2547,78000
825,150000
1450,174500
3155,200000
2771,141525
1772,155000
3487,82500
3355,43096
1712,135000
3410,324000
2489,52500
2318,138750
1199,204500
2509,92250
3043,24000
2168,92350
2250,37824
3338,85000
2836,93000
108,116450
2727,243225
457,92700
124,214200
3325,54000
2262,124000
3445,59888
891,122000
99,202800
1387,110000
1259,101943
3273,43096
3039,140100
1113,85000
3382,210000
293,162000
1916,100000
3353,110500
321,106000
1910,106500
373,250000
1352,155000
439,222200
2718,159000
1610,129000
1593,300000
1765,142200
2186,150000
3135,92000
2911,66000
3529,150000
857,100000
585,109371
1486,275300
2523,157000
2773,130500
693,115100
2463,170000
751,75000
262,200000
2581,184100
3578,70000
1055,120000
2277,63040
243,237000
2272,106800
3393,100000
2142,152000
3473,20000
2176,135000
378,202353
1607,135000
3334,145000
3113,135446
964,48289
949,85500
1440,170000
3235,58000
3474,220000
2629,129300
805,123405
2361,130000
1126,183310
1623,160000
444,100500
2893,73546
2965,148800
3313,135000
3517,68428
1190,90000
3742,138350
3401,140000
3643,141846
2783,36773
2764,207000
1331,248100
1147,80000
58,258750
441,260000
2103,203500
2313,43096
3022,167100
3557,235000
2819,20000
3057,216000
2868,212800
504,124500
2515,90000
1793,110000
789,128750
2532,175000
1845,126500
5,222200
706,57723
1365,150000
1261,220000
2267,160000
2977,134000
1236,75000
3332,116150
3021,248700
686,130000
3036,250000
551,149600
1526,135000
2763,135000
3606,42000
2408,243900
1997,216000
2123,78000
3296,167000
3130,100000
271,113000
619,237000
2286,104000
230,100000
3534,60000
1601,122000
2395,172200
2972,152000
2576,169000
1430,156400
1735,80000
644,106800
630,105700
3203,86193
125,185900
3008,117000
1771,142200
2058,120000
98,185000
752,60000
247,190000
3351,99100
1016,105200
2153,183000
2719,229998
1159,140000
3066,48000
1819,160000
2116,149040
2823,154000
2806,63040
2653,115360
3186,208775
480,230000
2958,245000
2695,132000
888,150000
3476,63711
1210,90700
626,190000
301,136000
2930,95000
374,150000
2161,132000
2843,250000
2411,160000
2946,160000
2553,78000
3717,76833
678,48000
1438,145000
3563,88654
1317,216100
3743,130800
77,168100
1066,265000
3215,47280
430,170550
3077,99100
1097,300240
1809,182000
157,46178
2752,191475
2663,200000
2596,110820
475,80000
1222,51508
677,65000
2216,185900
720,184000
3532,90000
331,115000
2692,210000
2960,203500
3304,243900
289,135000
3242,73880
3389,106260
1140,90000
877,48609
3033,50000
1981,182750
1670,100000
1657,207000
446,184000
3222,73880
927,130000
2743,218000
2472,39925
496,124000
1720,235000
3413,100000
1087,269000
151,230000
565,275300
3262,170000
671,200000
1687,110000
267,123700
2987,63000
436,170000
2544,185900
1804,170000
2939,50000
2978,170000
339,135000
498,113750
3460,152500
3011,135000
494,60000
2354,185900
539,130000
213,224000
34,184590
628,120000
2145,110000
1006,122700
2321,231250
1583,145000
2486,103432
2511,150000
3646,35735
620,145000
3112,160000
258,220000
1753,150000
1294,180180
2720,154545
2712,10000
947,142200
1401,144000
2950,90000
1455,108000
1540,150000
2899,80041
2379,104697
3099,185400
2330,127000
1707,165750
2370,185900
2136,142200
1138,120000
503,230000
214,176000
972,9289
3093,30000
3452,76814
2312,61566
1847,260000
1328,54685
2389,100000
2668,115934
184,85066
2293,247500
1816,13989
905,142200
1217,180000
3482,144000
1865,150000
1779,113000
1109,80000
2686,126080
2399,129300
2502,300000
1023,85847
3440,135000
3358,192564
3243,49253
2664,150000
1375,110000
1088,158000
873,109400
3258,155000
3511,55000
2275,120000
2038,36773
3514,70000
471,59888
2795,131300
1031,85000
402,143860
2468,120000
672,175000
1475,94000
2862,45390
1613,104000
1980,130000
2869,142800
2647,98000
3614,200000
3260,130000
629,205600
1017,128280
2393,100000
836,214618
3444,31520
1985,210000
2220,155000
1396,314100
1053,110600
294,222200
721,143000
3506,59303
898,185900
988,15806
1880,140000
3692,66022
278,130000
1719,100706
3295,95550
2406,315000
42,204620
1582,183310
1843,150000
2181,130000
1234,162500
983,220000
3661,50000
1244,87980
3063,250000
3715,61896
695,168400
1856,198200
2252,122600
653,206500
1573,237000
1920,175000
3216,260000
3048,145000
1909,167500
2501,125404
66,237000
298,187000
2986,250000
2372,140700
738,18238
3072,130000
3225,60000
158,42533
554,100000
2309,65000
861,239000
771,136956
319,140000
2050,128000
1289,60000
2785,102200
1680,135000
550,183500
3366,160000
3268,110820
3403,86193
1191,72914
3201,73546
1949,95000
1092,100000
3007,73880
2847,191475
1215,180000
3465,240000
3141,135000
2040,70000
1739,18314
3132,110925
589,265000
1649,196200
3046,202900
2086,140000
1043,106800
2741,160000
2317,231250
1791,145900
1446,237000
3037,63000
1970,58837
1682,84000
431,125000
2104,152000
853,121700
1966,55000
2907,141525
3651,9272
1655,116000
198,180000
1667,120000
587,150000
1085,230000
880,95000
2822,179400
1405,145000
645,172600
3380,100000
2316,80000
1169,225000
175,54685
757,169000
1187,288000
1635,180000
774,129000
41,20984
689,145000
3631,105000
2453,130000
3592,70139
3075,30523
1037,65000
1029,109400
379,145000
1639,197000
758,110600
466,106500
1594,130000
2160,178000
3199,31520
3749,165000
1533,150000
2569,80000
1467,105200
1148,60000
3454,75000
1890,190000
1220,130000
2334,142200
1814,261500
3732,115000
1359,156400
3712,140000
387,180000
2937,113000
1134,66000
1070,38631
1581,183310
1402,160000
2167,96000
2227,120000
3739,45391
1665,133800
2941,175000
2082,120000
2077,130000
666,81666
458,61800
269,117100
1002,104000
2230,175000
3638,25532
2555,345600
3560,225000
883,121700
2336,185900
1393,106800
1532,129000
2323,231250
2459,150000
13,213660
2976,158000
2698,45050
2528,128000
2046,47280
2710,187200
3642,190000
1380,150000
3586,200000
1018,106900
2124,120000
2110,220000
3406,200000
3395,135000
3669,40038
3028,205000
1694,126100
2923,19073
2656,73546
3550,140000
1558,299500
39,100000
507,175000
1515,136000
670,120000
3035,61566
1146,170000
2874,130240
2601,50000
3297,115500
2147,227200
1904,129300
1086,148000
1112,95000
59,185000
3105,180000
1431,180000
2475,150000
684,112000
145,318300
2979,120000
2437,100000
851,64385
3434,10000
2772,195700
148,75000
1650,150900
1899,204500
724,275300
1584,102500
917,43809
2894,191475
567,220000
1275,125000
1733,85000
2118,95000
35,162500
88,175000
3662,39916
1499,120000
2401,144854
3264,102100
2071,150000
2589,8000
605,83500
934,153600
365,90000
1631,234100
3232,180000
3519,230000
1449,139000
1827,140000
2793,131300
2681,198440
2959,180000
2206,50000
3023,5723
2844,63000
1395,81500
2864,63000
2821,135000
1390,130000
2737,130000
1713,115000
3308,128875
1235,85000
904,204500
1410,105000
664,160000
2580,225000
611,62000
2955,54634
333,120000
3138,22809
1174,90000
753,185700
652,100500
381,155000
3012,193900
916,78990
3375,140000
1638,167200
1404,200000
2106,134760
685,162500
2307,100000
1618,120000
168,130000
1133,144000
3374,210000
1828,122000
2917,204100
1046,120000
3103,128875
3310,224000
692,90700
1329,284000
3091,221300
1084,65000
3173,155000
2800,8050
1320,121523
2465,144000
3605,21637
1000,106020
2803,178800
0,85847
2713,200000
3400,220000
2805,60000
602,61800
3409,65000
140,83270
3016,61566
2241,165000
3538,270000
1508,185900
735,17022
784,172200
440,136000
887,125000
2346,247500
2171,70000
1858,52533
343,147000
3551,79197
2616,169000
455,252000
2612,185900
1280,48000
2239,145000
3354,61566
2023,50000
816,125000
1871,160000
131,161800
2778,80036
2006,201000
274,175000
739,250000
2002,81666
128,129000
2067,230000
1165,17779
1200,142200
3289,61300
1585,210000
2776,100000
1479,90000
2624,139600
1600,140000
1219,180000
2812,190000
1870,95000
1764,204500
3591,90000
1060,140000
2174,129400
3154,65666
1528,120000
2565,236600
1429,225000
3082,250000
1786,180560
1950,150000
1209,147100
1416,135000
3607,115000
2292,129300
892,252000
296,221000
2929,141525
2282,245100
1116,323300
1212,170000
48,262000
90,140000
1476,240500
3064,84053
1873,24165
3431,68293
2701,178800
1389,182750
3554,45760
1893,130000
93,105000
3040,177600
1605,300000
1615,130000
472,286000
3181,52533
1120,153088
133,342300
420,125000
1452,130000
1321,53654
3501,60000
3379,140000
3694,24823
2729,175000
1175,107309
2497,100000
1876,85000
2179,189750
2650,57000
3312,175000
938,225000
1019,192000
2715,229998
2659,150000
3528,75774
172,120000
232,250000
2826,222640
2025,124000
3728,46809
212,172200
3168,209100
2209,120000
1511,130000
185,57723
2975,6270
961,130000
3270,146000
1948,120000
2273,100000
2996,149040
1548,6304
2471,64000
1799,141600
2245,86193
2097,170000
1185,288000
479,249300
881,85500
1998,144000
2207,230000
2932,75000
3480,100000
178,155000
1312,200000
87,225000
2552,95000
135,100000
236,100000
1500,85000
3441,115000
737,80000
3388,126500
2088,130000
2157,90000
3753,100000
3290,130000
3637,160000
616,90000
1480,124234
1493,120000
1702,187500
1592,146000
827,119500
1887,155000
923,140000
3741,118000
242,122900
357,156000
375,160000
3481,100000
922,170000
1130,150000
3169,154600
264,48289
1746,100000
1659,145000
3576,15966
2148,168000
3323,160000
169,150000
796,140000
2614,191200
363,140000
1397,195800
240,152000
1929,100000
1295,106020
2832,297500
395,85000
306,245000
1065,125000
2621,122000
3678,33808
2755,99000
2725,236900
1357,133300
1943,120000
948,95000
19,150000
288,170000
305,109000
2540,197000
459,160000
3279,137141
2017,60938
1074,90700
3644,16228
548,106500
16,90700
1014,172200
3720,18000
3191,93700
3746,119059
3293,113000
2392,135000
828,175000
3423,30523
3721,60000
1351,100000
3246,124190
2428,170000
1188,140000
1477,123700
74,280000
8,141000
886,145000
3611,180000
697,210000
1729,100000
3744,45618
2770,191475
2905,141525
583,85066
2833,260000
91,48289
218,68318
2201,191200
1454,160000
2322,138750
3306,136600
2953,225000
1691,110000
952,163800
1625,185000
2493,140000
915,136000
2480,138938
2854,215000
704,85000
2429,140000
809,135000
199,115000
846,150000
3227,63900
2053,110000
3553,80000
956,250000
3026,50432
3319,140400
2383,119000
2685,90000
3679,116914
2010,185000
405,155000
2593,65000
2967,128058
2419,160000
284,195000
1923,120000
2809,105000
3121,160000
188,160000
783,247500
1971,190000
1692,185900
1311,370000
1530,75000
800,117000
2303,110600
3196,49253
621,90000
1193,215050
909,171600
3639,66265
3459,61989
3067,260500
1291,95000
576,145000
3231,159000
3735,12000
2451,49253
1866,150000
1521,125000
2962,250000
1233,250000
3626,58000
3499,50000
2003,215000
14,130760
3360,230000
1783,120000
253,105500
186,85000
2859,63000
2189,135000
1677,297300
2534,171000
2219,110000
465,167500
2247,200000
2225,134000
3458,55475
1933,239000
1277,109371
1335,151410
3610,110000
2269,120000
3281,123000
1926,92350
3251,160080
2723,99750
2496,135000
118,214000
1704,72914
1710,109006
2634,185900
2797,135000
875,102000
3054,140000
960,160000
2152,243000
2524,180000
3697,325000
2578,5409
477,178600
3396,230000
557,153600
3342,266400
159,145000
1091,150000
1912,60000
807,120000
427,170000
3102,80036
1373,107000
790,106250
713,130000
2016,110600
2281,299500
505,247500
2615,130000
147,95000
1778,143100
500,132300
121,283200
1015,168400
464,135000
823,153300
1792,120000
3542,28476
2676,50432
1264,210000
3552,170000
864,150000
1686,140000
2413,79000
659,170000
468,160000
838,60000
1911,75000
1523,90000
2182,100000
2488,80000
2908,115000
2522,210000
1111,48000
454,54685
2011,430967
2074,150000
2377,81666
3589,28399
3090,100000
688,245100
3624,20171
1716,170000
2916,200000
3047,131300
1989,130000
194,190000
728,160000
951,106500
452,114500
2990,135000
2044,150000
978,93800
1513,250000
485,151800
929,120000
596,60400
919,110000
1913,184000
1986,150000
1566,40777
3397,140000
1606,200000
303,100000
717,198200
1100,200160
705,85066
3249,132320
2495,156400
2190,120000
438,113750
256,80000
3546,59102
3125,65257
1045,86466
1068,130000
1995,160000
528,423834
2926,191475
1386,23000
437,171250
1840,150000
3682,41689
2903,82280
2669,81666
814,153600
845,340000
970,125000
3471,65141
2802,85000
2504,195000
1928,145000
1208,60000
2092,160000
3411,216000
950,167500
1337,66531
668,120000
2283,168000
1654,80000
1197,75000
2599,106800
2427,12608
2202,130000
1953,37824
3705,5882
3513,80000
3257,99000
3136,202900
761,139500
2940,53368
263,148500
2298,205000
3716,12000
1788,140000
1906,75000
3475,77364
787,163800
547,167500
1722,310000
123,289800
1660,135000
2205,66192
1811,130000
1319,145828
308,142000
1408,199000
2666,188700
60,231500
1334,102544
2740,141525
79,139000
2697,110000
2900,191475
542,132000
63,110500
3164,110820
623,139500
2871,50000
3311,167875
3703,12901
2856,300000
2469,95000
3214,63040
2356,205000
2125,95000
1336,115360
72,237000
1974,104000
3302,165400
1763,160000
2215,80000
394,38631
3567,30428
2052,173000
1505,107500
1374,175000
2872,6359
1288,385000
138,65000
954,155000
848,122700
571,100000
3447,89306
3217,180000
2991,85000
219,75020
1988,122600
3160,90320
2808,140000
3472,48000
3432,109000
137,85000
1784,174500
3448,83171
1595,24740
1492,170000
2543,110000
3404,220000
1591,220000
1648,180000
1696,170000
166,150000
1626,204500
410,154000
497,171250
323,275000
2403,105000
187,75000
1774,235000
876,97218
533,185900
2628,185900
3324,70500
2242,135000
2608,123400
755,160000
1728,120000
687,299500
2838,100000
1520,84000
3259,120600
1424,94000
1460,285800
723,55000
2781,102100
1952,47280
1922,175000
1668,80000
1577,120000
779,260000
3162,105400
409,252000
1363,126000
1990,80000
2021,60000
3185,132320
2613,129300
1685,196000
1262,170000
977,122000
2678,75648
1580,113000
3202,98506
913,116000
2887,75000
3055,216200
380,120000
2997,113900
3490,120000
2093,63040
2995,164996
2998,154000
3449,165000
1882,150000
1984,66100
1433,228000
2848,141525
935,106800
2661,160000
2441,110000
1717,140000
591,121093
699,145000
207,200000
2450,61566
768,48289
1760,182000
1822,175000
149,195000
2688,200000
2788,113000
3531,153000
962,200000
3418,76814
1472,231250
2585,156400
736,70000
2909,31520
3675,416000
3597,12103
3116,99450
1296,93919
3521,120000
320,139000
3322,200100
3359,144854
2349,135000
908,205920
3684,88654
358,304000
1522,110000
1306,149076
2421,77300
1195,198000
3276,170000
2931,70000
65,176000
142,70000
1743,162000
2690,108000
610,140000
3331,140250
2029,74540
1785,113000
1684,230000
1456,165000
1666,96100
2898,102663
2311,100000
3601,99703
2238,36773
1189,120000
3479,100000
3547,80000
3438,51081
270,173000
3119,13493
4,120000
1838,145000
2696,130000
2057,81666
1061,120000
2952,124270
54,203300
2505,175000
2141,213000
3192,76309
180,190000
586,72914
1683,219000
3092,148700
3194,183600
1832,145000
3175,164000
233,162500
1205,85000
990,175000
780,110000
1560,210000
3437,200000
491,81500
1643,225000
1385,156400
3372,129000
830,175000
377,289076
3315,154600
2945,63000
3328,205300
1731,133300
1355,142200
2315,135000
1139,180000
86,129300
2232,235000
2722,183000
1651,168400
407,241000
396,65000
3095,91118
1204,120000
2680,200000
2347,172200
1637,232200
3134,160000
3629,85000
2482,166700
1026,139500
1641,180000
282,149500
1093,290000
2224,179500
1498,150000
1274,75000
912,154000
2884,141525
2024,134000
1647,291500
2673,144000
679,110000
1782,140000
2300,146000
1542,130000
2924,191475
2536,202800
191,250000
3533,90000
1671,150000
812,90000
1801,46178
2456,135000
2970,173000
3412,210000
2178,70000
144,138900
1535,226700
192,228000
2961,152000
2570,200000
347,133200
516,120000
1726,69751
51,183500
499,165000
3572,106000
2611,55000
3265,84900
2341,142200
2706,160000
1490,160000
3421,120000
1135,148500
2158,165000
487,170000
561,128000
1079,163800
3207,164996
2683,69344
2385,150000
1688,150000
3536,12000
2707,85000
2447,160000
681,130000
450,121500
878,252000
893,129000
193,186000
1867,40000
3347,102100
